dtime,value,metric,units,device_sn,device_model
2019-12-17T09:16:50Z,2.433702,Chlorophyll-a Concentration,µg/L,671693,NA
2019-12-17T09:16:52Z,0.1734007,Chlorophyll-a Concentration,µg/L,671693,NA
2019-12-17T09:16:54Z,0.06644151,Chlorophyll-a Concentration,µg/L,671693,NA
2019-12-17T09:16:56Z,0.05169102,Chlorophyll-a Concentration,µg/L,671693,NA
2019-12-17T09:16:58Z,0.061241,Chlorophyll-a Concentration,µg/L,671693,NA
2019-12-17T09:17:00Z,0.06181868,Chlorophyll-a Concentration,µg/L,671693,NA
2019-12-17T09:17:02Z,0.042351,Chlorophyll-a Concentration,µg/L,671693,NA
2019-12-17T09:17:04Z,0.06536637,Chlorophyll-a Concentration,µg/L,671693,NA
2019-12-17T09:17:06Z,0.04894566,Chlorophyll-a Concentration,µg/L,671693,NA
2019-12-17T09:17:08Z,0.05661183,Chlorophyll-a Concentration,µg/L,671693,NA
2019-12-17T09:17:10Z,0.05672375,Chlorophyll-a Concentration,µg/L,671693,NA
2019-12-17T09:17:12Z,0.05843583,Chlorophyll-a Concentration,µg/L,671693,NA
2019-12-17T09:17:14Z,0.06710998,Chlorophyll-a Concentration,µg/L,671693,NA
2019-12-17T09:17:16Z,0.05634479,Chlorophyll-a Concentration,µg/L,671693,NA
2019-12-17T09:17:18Z,0.0571564,Chlorophyll-a Concentration,µg/L,671693,NA
2019-12-17T09:17:20Z,0.05674363,Chlorophyll-a Concentration,µg/L,671693,NA
2019-12-17T09:17:22Z,0.06444951,Chlorophyll-a Concentration,µg/L,671693,NA
2019-12-17T09:17:24Z,0.06824677,Chlorophyll-a Concentration,µg/L,671693,NA
2019-12-17T09:17:26Z,0.07134465,Chlorophyll-a Concentration,µg/L,671693,NA
2019-12-17T09:17:28Z,0.04802545,Chlorophyll-a Concentration,µg/L,671693,NA
2019-12-17T09:17:30Z,0.0546903,Chlorophyll-a Concentration,µg/L,671693,NA
2019-12-17T09:17:32Z,0.05459069,Chlorophyll-a Concentration,µg/L,671693,NA
2019-12-17T09:17:34Z,0.0524653,Chlorophyll-a Concentration,µg/L,671693,NA
2019-12-17T09:17:36Z,0.0659657,Chlorophyll-a Concentration,µg/L,671693,NA
2019-12-17T09:17:38Z,0.05996577,Chlorophyll-a Concentration,µg/L,671693,NA
2019-12-17T09:17:40Z,0.06294248,Chlorophyll-a Concentration,µg/L,671693,NA
2019-12-17T09:17:42Z,0.0552265,Chlorophyll-a Concentration,µg/L,671693,NA
2019-12-17T09:17:44Z,0.05431919,Chlorophyll-a Concentration,µg/L,671693,NA
2019-12-17T09:17:46Z,0.06217959,Chlorophyll-a Concentration,µg/L,671693,NA
2019-12-17T09:17:48Z,0.06901174,Chlorophyll-a Concentration,µg/L,671693,NA
2019-12-17T09:17:50Z,0.08044221,Chlorophyll-a Concentration,µg/L,671693,NA
2019-12-17T09:17:52Z,0.05693413,Chlorophyll-a Concentration,µg/L,671693,NA
2019-12-17T09:17:54Z,0.07759234,Chlorophyll-a Concentration,µg/L,671693,NA
2019-12-17T09:17:56Z,0.07932308,Chlorophyll-a Concentration,µg/L,671693,NA
2019-12-17T09:17:58Z,0.08558426,Chlorophyll-a Concentration,µg/L,671693,NA
2019-12-17T09:18:00Z,0.07388484,Chlorophyll-a Concentration,µg/L,671693,NA
2019-12-17T09:18:02Z,0.071176,Chlorophyll-a Concentration,µg/L,671693,NA
2019-12-17T09:18:04Z,0.07146557,Chlorophyll-a Concentration,µg/L,671693,NA
2019-12-17T09:18:06Z,0.071455,Chlorophyll-a Concentration,µg/L,671693,NA
2019-12-17T09:18:08Z,0.06131482,Chlorophyll-a Concentration,µg/L,671693,NA
2019-12-17T09:18:10Z,0.07731141,Chlorophyll-a Concentration,µg/L,671693,NA
2019-12-17T09:18:12Z,0.07516558,Chlorophyll-a Concentration,µg/L,671693,NA
2019-12-17T09:18:14Z,0.09472942,Chlorophyll-a Concentration,µg/L,671693,NA
2019-12-17T09:18:16Z,0.08559325,Chlorophyll-a Concentration,µg/L,671693,NA
2019-12-17T09:18:18Z,0.08524723,Chlorophyll-a Concentration,µg/L,671693,NA
2019-12-17T09:18:20Z,0.08173873,Chlorophyll-a Concentration,µg/L,671693,NA
2019-12-17T09:18:22Z,0.09746954,Chlorophyll-a Concentration,µg/L,671693,NA
2019-12-17T09:18:24Z,0.06558931,Chlorophyll-a Concentration,µg/L,671693,NA
2019-12-17T09:18:26Z,0.08754399,Chlorophyll-a Concentration,µg/L,671693,NA
2019-12-17T09:18:28Z,0.08428703,Chlorophyll-a Concentration,µg/L,671693,NA
2019-12-17T09:18:30Z,0.08507766,Chlorophyll-a Concentration,µg/L,671693,NA
2019-12-17T09:18:32Z,0.1239603,Chlorophyll-a Concentration,µg/L,671693,NA
2019-12-17T09:18:34Z,0.08419826,Chlorophyll-a Concentration,µg/L,671693,NA
2019-12-17T09:18:36Z,0.09909691,Chlorophyll-a Concentration,µg/L,671693,NA
2019-12-17T09:18:38Z,0.127438,Chlorophyll-a Concentration,µg/L,671693,NA
2019-12-17T09:18:40Z,0.1320591,Chlorophyll-a Concentration,µg/L,671693,NA
2019-12-17T09:18:42Z,0.1493156,Chlorophyll-a Concentration,µg/L,671693,NA
2019-12-17T09:18:44Z,0.1073834,Chlorophyll-a Concentration,µg/L,671693,NA
2019-12-17T09:18:46Z,0.1268311,Chlorophyll-a Concentration,µg/L,671693,NA
2019-12-17T09:18:48Z,0.1407681,Chlorophyll-a Concentration,µg/L,671693,NA
2019-12-17T09:18:50Z,0.1621529,Chlorophyll-a Concentration,µg/L,671693,NA
2019-12-17T09:18:52Z,0.1656113,Chlorophyll-a Concentration,µg/L,671693,NA
2019-12-17T09:18:54Z,0.1530894,Chlorophyll-a Concentration,µg/L,671693,NA
2019-12-17T09:18:56Z,0.1404229,Chlorophyll-a Concentration,µg/L,671693,NA
2019-12-17T09:18:58Z,0.1499226,Chlorophyll-a Concentration,µg/L,671693,NA
2019-12-17T09:19:00Z,0.1445406,Chlorophyll-a Concentration,µg/L,671693,NA
2019-12-17T09:19:02Z,0.1442993,Chlorophyll-a Concentration,µg/L,671693,NA
2019-12-17T09:19:04Z,0.1455599,Chlorophyll-a Concentration,µg/L,671693,NA
2019-12-17T09:19:06Z,0.1378648,Chlorophyll-a Concentration,µg/L,671693,NA
2019-12-17T09:19:08Z,0.1553137,Chlorophyll-a Concentration,µg/L,671693,NA
2019-12-17T09:19:10Z,0.1284681,Chlorophyll-a Concentration,µg/L,671693,NA
2019-12-17T09:19:12Z,0.1386301,Chlorophyll-a Concentration,µg/L,671693,NA
2019-12-17T09:19:14Z,0.1478357,Chlorophyll-a Concentration,µg/L,671693,NA
2019-12-17T09:19:16Z,0.149839,Chlorophyll-a Concentration,µg/L,671693,NA
2019-12-17T09:19:18Z,0.153854,Chlorophyll-a Concentration,µg/L,671693,NA
2019-12-17T09:19:20Z,0.1470663,Chlorophyll-a Concentration,µg/L,671693,NA
2019-12-17T09:19:22Z,0.1607963,Chlorophyll-a Concentration,µg/L,671693,NA
2019-12-17T09:19:24Z,0.1625403,Chlorophyll-a Concentration,µg/L,671693,NA
2019-12-17T09:19:26Z,0.144598,Chlorophyll-a Concentration,µg/L,671693,NA
2019-12-17T09:19:28Z,0.1420697,Chlorophyll-a Concentration,µg/L,671693,NA
2019-12-17T09:19:30Z,0.1433437,Chlorophyll-a Concentration,µg/L,671693,NA
2019-12-17T09:19:32Z,0.1435504,Chlorophyll-a Concentration,µg/L,671693,NA
2019-12-17T09:19:34Z,0.1340816,Chlorophyll-a Concentration,µg/L,671693,NA
2019-12-17T09:19:36Z,0.1605484,Chlorophyll-a Concentration,µg/L,671693,NA
2019-12-17T09:19:38Z,0.150709,Chlorophyll-a Concentration,µg/L,671693,NA
2019-12-17T09:19:40Z,0.150389,Chlorophyll-a Concentration,µg/L,671693,NA
2019-12-17T09:19:42Z,0.1527887,Chlorophyll-a Concentration,µg/L,671693,NA
2019-12-17T09:19:44Z,0.1418127,Chlorophyll-a Concentration,µg/L,671693,NA
2019-12-17T09:19:46Z,0.1266581,Chlorophyll-a Concentration,µg/L,671693,NA
2019-12-17T09:19:48Z,0.137007,Chlorophyll-a Concentration,µg/L,671693,NA
2019-12-17T09:19:50Z,0.1379065,Chlorophyll-a Concentration,µg/L,671693,NA
2019-12-17T09:19:52Z,0.1297695,Chlorophyll-a Concentration,µg/L,671693,NA
2019-12-17T09:19:54Z,0.1311711,Chlorophyll-a Concentration,µg/L,671693,NA
2019-12-17T09:19:56Z,0.1157298,Chlorophyll-a Concentration,µg/L,671693,NA
2019-12-17T09:19:58Z,0.1095895,Chlorophyll-a Concentration,µg/L,671693,NA
2019-12-17T09:20:00Z,0.100045,Chlorophyll-a Concentration,µg/L,671693,NA
2019-12-17T09:20:02Z,0.09858281,Chlorophyll-a Concentration,µg/L,671693,NA
2019-12-17T09:20:04Z,0.07478163,Chlorophyll-a Concentration,µg/L,671693,NA
2019-12-17T09:20:06Z,0.08641791,Chlorophyll-a Concentration,µg/L,671693,NA
2019-12-17T09:20:08Z,0.1063922,Chlorophyll-a Concentration,µg/L,671693,NA
2019-12-17T09:20:10Z,0.08333537,Chlorophyll-a Concentration,µg/L,671693,NA
2019-12-17T09:20:12Z,0.08242983,Chlorophyll-a Concentration,µg/L,671693,NA
2019-12-17T09:20:14Z,0.08121891,Chlorophyll-a Concentration,µg/L,671693,NA
2019-12-17T09:20:16Z,0.08120406,Chlorophyll-a Concentration,µg/L,671693,NA
2019-12-17T09:20:18Z,0.08881,Chlorophyll-a Concentration,µg/L,671693,NA
2019-12-17T09:20:20Z,0.06706109,Chlorophyll-a Concentration,µg/L,671693,NA
2019-12-17T09:20:22Z,0.05804094,Chlorophyll-a Concentration,µg/L,671693,NA
2019-12-17T09:20:24Z,0.05100435,Chlorophyll-a Concentration,µg/L,671693,NA
2019-12-17T09:20:26Z,0.04984557,Chlorophyll-a Concentration,µg/L,671693,NA
2019-12-17T09:20:28Z,0.07902903,Chlorophyll-a Concentration,µg/L,671693,NA
2019-12-17T09:20:30Z,0.06193176,Chlorophyll-a Concentration,µg/L,671693,NA
2019-12-17T09:20:32Z,0.0768154,Chlorophyll-a Concentration,µg/L,671693,NA
2019-12-17T09:20:34Z,0.06054725,Chlorophyll-a Concentration,µg/L,671693,NA
2019-12-17T09:20:36Z,0.06824857,Chlorophyll-a Concentration,µg/L,671693,NA
2019-12-17T09:20:38Z,0.06851784,Chlorophyll-a Concentration,µg/L,671693,NA
2019-12-17T09:20:40Z,0.05216471,Chlorophyll-a Concentration,µg/L,671693,NA
2019-12-17T09:16:50Z,0.7868595,Depth,ft,671053,NA
2019-12-17T09:16:52Z,1.780117,Depth,ft,671053,NA
2019-12-17T09:16:54Z,1.495867,Depth,ft,671053,NA
2019-12-17T09:16:56Z,1.657772,Depth,ft,671053,NA
2019-12-17T09:16:58Z,2.105906,Depth,ft,671053,NA
2019-12-17T09:17:00Z,2.17672,Depth,ft,671053,NA
2019-12-17T09:17:02Z,2.364245,Depth,ft,671053,NA
2019-12-17T09:17:04Z,1.93933,Depth,ft,671053,NA
2019-12-17T09:17:06Z,2.10778,Depth,ft,671053,NA
2019-12-17T09:17:08Z,2.054476,Depth,ft,671053,NA
2019-12-17T09:17:10Z,2.058843,Depth,ft,671053,NA
2019-12-17T09:17:12Z,2.399444,Depth,ft,671053,NA
2019-12-17T09:17:14Z,2.25797,Depth,ft,671053,NA
2019-12-17T09:17:16Z,1.983984,Depth,ft,671053,NA
2019-12-17T09:17:18Z,2.340272,Depth,ft,671053,NA
2019-12-17T09:17:20Z,2.377037,Depth,ft,671053,NA
2019-12-17T09:17:22Z,2.573553,Depth,ft,671053,NA
2019-12-17T09:17:24Z,2.66706,Depth,ft,671053,NA
2019-12-17T09:17:26Z,2.442513,Depth,ft,671053,NA
2019-12-17T09:17:28Z,2.743918,Depth,ft,671053,NA
2019-12-17T09:17:30Z,2.659186,Depth,ft,671053,NA
2019-12-17T09:17:32Z,2.661973,Depth,ft,671053,NA
2019-12-17T09:17:34Z,2.767281,Depth,ft,671053,NA
2019-12-17T09:17:36Z,2.643412,Depth,ft,671053,NA
2019-12-17T09:17:38Z,2.556258,Depth,ft,671053,NA
2019-12-17T09:17:40Z,2.54319,Depth,ft,671053,NA
2019-12-17T09:17:42Z,2.266189,Depth,ft,671053,NA
2019-12-17T09:17:44Z,2.227582,Depth,ft,671053,NA
2019-12-17T09:17:46Z,2.141882,Depth,ft,671053,NA
2019-12-17T09:17:48Z,2.45845,Depth,ft,671053,NA
2019-12-17T09:17:50Z,1.890989,Depth,ft,671053,NA
2019-12-17T09:17:52Z,3.334749,Depth,ft,671053,NA
2019-12-17T09:17:54Z,5.119588,Depth,ft,671053,NA
2019-12-17T09:17:56Z,5.434472,Depth,ft,671053,NA
2019-12-17T09:17:58Z,7.464238,Depth,ft,671053,NA
2019-12-17T09:18:00Z,11.16584,Depth,ft,671053,NA
2019-12-17T09:18:02Z,12.69763,Depth,ft,671053,NA
2019-12-17T09:18:04Z,13.75109,Depth,ft,671053,NA
2019-12-17T09:18:06Z,13.92679,Depth,ft,671053,NA
2019-12-17T09:18:08Z,15.77917,Depth,ft,671053,NA
2019-12-17T09:18:10Z,17.88678,Depth,ft,671053,NA
2019-12-17T09:18:12Z,19.88504,Depth,ft,671053,NA
2019-12-17T09:18:14Z,20.73465,Depth,ft,671053,NA
2019-12-17T09:18:16Z,22.4017,Depth,ft,671053,NA
2019-12-17T09:18:18Z,22.6525,Depth,ft,671053,NA
2019-12-17T09:18:20Z,22.96764,Depth,ft,671053,NA
2019-12-17T09:18:22Z,23.12437,Depth,ft,671053,NA
2019-12-17T09:18:24Z,23.85533,Depth,ft,671053,NA
2019-12-17T09:18:26Z,24.10696,Depth,ft,671053,NA
2019-12-17T09:18:28Z,24.66691,Depth,ft,671053,NA
2019-12-17T09:18:30Z,24.74806,Depth,ft,671053,NA
2019-12-17T09:18:32Z,25.34349,Depth,ft,671053,NA
2019-12-17T09:18:34Z,27.1009,Depth,ft,671053,NA
2019-12-17T09:18:36Z,27.96021,Depth,ft,671053,NA
2019-12-17T09:18:38Z,28.96254,Depth,ft,671053,NA
2019-12-17T09:18:40Z,29.12568,Depth,ft,671053,NA
2019-12-17T09:18:42Z,29.38299,Depth,ft,671053,NA
2019-12-17T09:18:44Z,30.30162,Depth,ft,671053,NA
2019-12-17T09:18:46Z,30.80572,Depth,ft,671053,NA
2019-12-17T09:18:48Z,31.94181,Depth,ft,671053,NA
2019-12-17T09:18:50Z,32.32538,Depth,ft,671053,NA
2019-12-17T09:18:52Z,32.42379,Depth,ft,671053,NA
2019-12-17T09:18:54Z,34.15891,Depth,ft,671053,NA
2019-12-17T09:18:56Z,38.06415,Depth,ft,671053,NA
2019-12-17T09:18:58Z,39.77247,Depth,ft,671053,NA
2019-12-17T09:19:00Z,41.79747,Depth,ft,671053,NA
2019-12-17T09:19:02Z,42.13,Depth,ft,671053,NA
2019-12-17T09:19:04Z,43.89645,Depth,ft,671053,NA
2019-12-17T09:19:06Z,44.55056,Depth,ft,671053,NA
2019-12-17T09:19:08Z,44.04564,Depth,ft,671053,NA
2019-12-17T09:19:10Z,43.0103,Depth,ft,671053,NA
2019-12-17T09:19:12Z,41.73829,Depth,ft,671053,NA
2019-12-17T09:19:14Z,42.48132,Depth,ft,671053,NA
2019-12-17T09:19:16Z,42.54575,Depth,ft,671053,NA
2019-12-17T09:19:18Z,43.13828,Depth,ft,671053,NA
2019-12-17T09:19:20Z,43.47101,Depth,ft,671053,NA
2019-12-17T09:19:22Z,43.23133,Depth,ft,671053,NA
2019-12-17T09:19:24Z,43.28426,Depth,ft,671053,NA
2019-12-17T09:19:26Z,42.52757,Depth,ft,671053,NA
2019-12-17T09:19:28Z,42.42655,Depth,ft,671053,NA
2019-12-17T09:19:30Z,43.06694,Depth,ft,671053,NA
2019-12-17T09:19:32Z,39.72441,Depth,ft,671053,NA
2019-12-17T09:19:34Z,37.81677,Depth,ft,671053,NA
2019-12-17T09:19:36Z,35.60422,Depth,ft,671053,NA
2019-12-17T09:19:38Z,34.13301,Depth,ft,671053,NA
2019-12-17T09:19:40Z,33.85643,Depth,ft,671053,NA
2019-12-17T09:19:42Z,33.40813,Depth,ft,671053,NA
2019-12-17T09:19:44Z,32.76194,Depth,ft,671053,NA
2019-12-17T09:19:46Z,31.8845,Depth,ft,671053,NA
2019-12-17T09:19:48Z,30.29499,Depth,ft,671053,NA
2019-12-17T09:19:50Z,30.04591,Depth,ft,671053,NA
2019-12-17T09:19:52Z,28.44883,Depth,ft,671053,NA
2019-12-17T09:19:54Z,25.66056,Depth,ft,671053,NA
2019-12-17T09:19:56Z,24.42469,Depth,ft,671053,NA
2019-12-17T09:19:58Z,23.39986,Depth,ft,671053,NA
2019-12-17T09:20:00Z,22.85082,Depth,ft,671053,NA
2019-12-17T09:20:02Z,22.74072,Depth,ft,671053,NA
2019-12-17T09:20:04Z,20.72346,Depth,ft,671053,NA
2019-12-17T09:20:06Z,18.75651,Depth,ft,671053,NA
2019-12-17T09:20:08Z,18.26653,Depth,ft,671053,NA
2019-12-17T09:20:10Z,17.31767,Depth,ft,671053,NA
2019-12-17T09:20:12Z,15.7565,Depth,ft,671053,NA
2019-12-17T09:20:14Z,15.16112,Depth,ft,671053,NA
2019-12-17T09:20:16Z,15.01665,Depth,ft,671053,NA
2019-12-17T09:20:18Z,13.65243,Depth,ft,671053,NA
2019-12-17T09:20:20Z,11.7948,Depth,ft,671053,NA
2019-12-17T09:20:22Z,10.27832,Depth,ft,671053,NA
2019-12-17T09:20:24Z,9.20152,Depth,ft,671053,NA
2019-12-17T09:20:26Z,9.010839,Depth,ft,671053,NA
2019-12-17T09:20:28Z,6.612082,Depth,ft,671053,NA
2019-12-17T09:20:30Z,5.349254,Depth,ft,671053,NA
2019-12-17T09:20:32Z,4.020209,Depth,ft,671053,NA
2019-12-17T09:20:34Z,2.99744,Depth,ft,671053,NA
2019-12-17T09:20:36Z,2.18979,Depth,ft,671053,NA
2019-12-17T09:20:38Z,2.045963,Depth,ft,671053,NA
2019-12-17T09:20:40Z,2.056918,Depth,ft,671053,NA
2019-12-17T09:16:50Z,26.592465,Latitude,°,NA,NA
2019-12-17T09:16:52Z,26.5924766666667,Latitude,°,NA,NA
2019-12-17T09:16:54Z,26.5924916666667,Latitude,°,NA,NA
2019-12-17T09:16:56Z,26.5924916666667,Latitude,°,NA,NA
2019-12-17T09:16:58Z,26.5924883333333,Latitude,°,NA,NA
2019-12-17T09:17:00Z,26.592485,Latitude,°,NA,NA
2019-12-17T09:17:02Z,26.5924433333333,Latitude,°,NA,NA
2019-12-17T09:17:04Z,26.59244,Latitude,°,NA,NA
2019-12-17T09:17:06Z,26.5924483333333,Latitude,°,NA,NA
2019-12-17T09:17:08Z,26.59247,Latitude,°,NA,NA
2019-12-17T09:17:10Z,26.5924883333333,Latitude,°,NA,NA
2019-12-17T09:17:12Z,26.59251,Latitude,°,NA,NA
2019-12-17T09:17:14Z,26.5925316666667,Latitude,°,NA,NA
2019-12-17T09:17:16Z,26.5925416666667,Latitude,°,NA,NA
2019-12-17T09:17:18Z,26.5925683333333,Latitude,°,NA,NA
2019-12-17T09:17:20Z,26.5925783333333,Latitude,°,NA,NA
2019-12-17T09:17:22Z,26.5925883333333,Latitude,°,NA,NA
2019-12-17T09:17:24Z,26.5925883333333,Latitude,°,NA,NA
2019-12-17T09:17:26Z,26.5926,Latitude,°,NA,NA
2019-12-17T09:17:28Z,26.5926266666667,Latitude,°,NA,NA
2019-12-17T09:17:30Z,26.5926383333333,Latitude,°,NA,NA
2019-12-17T09:17:32Z,26.5926383333333,Latitude,°,NA,NA
2019-12-17T09:17:34Z,26.59265,Latitude,°,NA,NA
2019-12-17T09:17:36Z,26.59265,Latitude,°,NA,NA
2019-12-17T09:17:38Z,26.5926516666667,Latitude,°,NA,NA
2019-12-17T09:17:40Z,26.5926516666667,Latitude,°,NA,NA
2019-12-17T09:17:42Z,26.59266,Latitude,°,NA,NA
2019-12-17T09:17:44Z,26.5926566666667,Latitude,°,NA,NA
2019-12-17T09:17:46Z,26.5926566666667,Latitude,°,NA,NA
2019-12-17T09:17:48Z,26.5926766666667,Latitude,°,NA,NA
2019-12-17T09:17:50Z,26.5926866666667,Latitude,°,NA,NA
2019-12-17T09:17:52Z,26.5926966666667,Latitude,°,NA,NA
2019-12-17T09:17:54Z,26.5927066666667,Latitude,°,NA,NA
2019-12-17T09:17:56Z,26.5927216666667,Latitude,°,NA,NA
2019-12-17T09:17:58Z,26.5927516666667,Latitude,°,NA,NA
2019-12-17T09:18:00Z,26.5927583333333,Latitude,°,NA,NA
2019-12-17T09:18:02Z,26.5927533333333,Latitude,°,NA,NA
2019-12-17T09:18:04Z,26.59276,Latitude,°,NA,NA
2019-12-17T09:18:06Z,26.59276,Latitude,°,NA,NA
2019-12-17T09:18:08Z,26.59276,Latitude,°,NA,NA
2019-12-17T09:18:10Z,26.5927683333333,Latitude,°,NA,NA
2019-12-17T09:18:12Z,26.5927766666667,Latitude,°,NA,NA
2019-12-17T09:18:14Z,26.59281,Latitude,°,NA,NA
2019-12-17T09:18:16Z,26.5928366666667,Latitude,°,NA,NA
2019-12-17T09:18:18Z,26.5928466666667,Latitude,°,NA,NA
2019-12-17T09:18:20Z,26.5928616666667,Latitude,°,NA,NA
2019-12-17T09:18:22Z,26.592895,Latitude,°,NA,NA
2019-12-17T09:18:24Z,26.5929233333333,Latitude,°,NA,NA
2019-12-17T09:18:26Z,26.5929466666667,Latitude,°,NA,NA
2019-12-17T09:18:28Z,26.592965,Latitude,°,NA,NA
2019-12-17T09:18:30Z,26.5929933333333,Latitude,°,NA,NA
2019-12-17T09:18:32Z,26.5929933333333,Latitude,°,NA,NA
2019-12-17T09:18:34Z,26.5930016666667,Latitude,°,NA,NA
2019-12-17T09:18:36Z,26.5930016666667,Latitude,°,NA,NA
2019-12-17T09:18:38Z,26.5930183333333,Latitude,°,NA,NA
2019-12-17T09:18:40Z,26.5930166666667,Latitude,°,NA,NA
2019-12-17T09:18:42Z,26.5930266666667,Latitude,°,NA,NA
2019-12-17T09:18:44Z,26.5930433333333,Latitude,°,NA,NA
2019-12-17T09:18:46Z,26.5930433333333,Latitude,°,NA,NA
2019-12-17T09:18:48Z,26.5930416666667,Latitude,°,NA,NA
2019-12-17T09:18:50Z,26.5930416666667,Latitude,°,NA,NA
2019-12-17T09:18:52Z,26.5930266666667,Latitude,°,NA,NA
2019-12-17T09:18:54Z,26.5930266666667,Latitude,°,NA,NA
2019-12-17T09:18:56Z,26.5930266666667,Latitude,°,NA,NA
2019-12-17T09:18:58Z,26.5930266666667,Latitude,°,NA,NA
2019-12-17T09:19:00Z,26.5930316666667,Latitude,°,NA,NA
2019-12-17T09:19:02Z,26.593035,Latitude,°,NA,NA
2019-12-17T09:19:04Z,26.5930366666667,Latitude,°,NA,NA
2019-12-17T09:19:06Z,26.5930366666667,Latitude,°,NA,NA
2019-12-17T09:19:08Z,26.5930266666667,Latitude,°,NA,NA
2019-12-17T09:19:10Z,26.593025,Latitude,°,NA,NA
2019-12-17T09:19:12Z,26.59303,Latitude,°,NA,NA
2019-12-17T09:19:14Z,26.5930166666667,Latitude,°,NA,NA
2019-12-17T09:19:16Z,26.5930066666667,Latitude,°,NA,NA
2019-12-17T09:19:18Z,26.5930066666667,Latitude,°,NA,NA
2019-12-17T09:19:20Z,26.5930183333333,Latitude,°,NA,NA
2019-12-17T09:19:22Z,26.59302,Latitude,°,NA,NA
2019-12-17T09:19:24Z,26.59302,Latitude,°,NA,NA
2019-12-17T09:19:26Z,26.5930166666667,Latitude,°,NA,NA
2019-12-17T09:19:28Z,26.59302,Latitude,°,NA,NA
2019-12-17T09:19:30Z,26.59302,Latitude,°,NA,NA
2019-12-17T09:19:32Z,26.59302,Latitude,°,NA,NA
2019-12-17T09:19:34Z,26.59302,Latitude,°,NA,NA
2019-12-17T09:19:36Z,26.59302,Latitude,°,NA,NA
2019-12-17T09:19:38Z,26.5930333333333,Latitude,°,NA,NA
2019-12-17T09:19:40Z,26.5930333333333,Latitude,°,NA,NA
2019-12-17T09:19:42Z,26.5930333333333,Latitude,°,NA,NA
2019-12-17T09:19:44Z,26.5930333333333,Latitude,°,NA,NA
2019-12-17T09:19:46Z,26.5930333333333,Latitude,°,NA,NA
2019-12-17T09:19:48Z,26.5930333333333,Latitude,°,NA,NA
2019-12-17T09:19:50Z,26.5930333333333,Latitude,°,NA,NA
2019-12-17T09:19:52Z,26.5930333333333,Latitude,°,NA,NA
2019-12-17T09:19:54Z,26.5930333333333,Latitude,°,NA,NA
2019-12-17T09:19:56Z,26.59307,Latitude,°,NA,NA
2019-12-17T09:19:58Z,26.59308,Latitude,°,NA,NA
2019-12-17T09:20:00Z,26.59308,Latitude,°,NA,NA
2019-12-17T09:20:02Z,26.5930916666667,Latitude,°,NA,NA
2019-12-17T09:20:04Z,26.5930983333333,Latitude,°,NA,NA
2019-12-17T09:20:06Z,26.5931083333333,Latitude,°,NA,NA
2019-12-17T09:20:08Z,26.593115,Latitude,°,NA,NA
2019-12-17T09:20:10Z,26.593115,Latitude,°,NA,NA
2019-12-17T09:20:12Z,26.5931216666667,Latitude,°,NA,NA
2019-12-17T09:20:14Z,26.5931266666667,Latitude,°,NA,NA
2019-12-17T09:20:16Z,26.5931266666667,Latitude,°,NA,NA
2019-12-17T09:20:18Z,26.59313,Latitude,°,NA,NA
2019-12-17T09:20:20Z,26.593135,Latitude,°,NA,NA
2019-12-17T09:20:22Z,26.593145,Latitude,°,NA,NA
2019-12-17T09:20:24Z,26.59315,Latitude,°,NA,NA
2019-12-17T09:20:26Z,26.59315,Latitude,°,NA,NA
2019-12-17T09:20:28Z,26.5931566666667,Latitude,°,NA,NA
2019-12-17T09:20:30Z,26.5931616666667,Latitude,°,NA,NA
2019-12-17T09:20:32Z,26.5931616666667,Latitude,°,NA,NA
2019-12-17T09:20:34Z,26.593175,Latitude,°,NA,NA
2019-12-17T09:20:36Z,26.593175,Latitude,°,NA,NA
2019-12-17T09:20:38Z,26.5931833333333,Latitude,°,NA,NA
2019-12-17T09:20:40Z,26.5931966666667,Latitude,°,NA,NA
2019-12-17T09:16:50Z,-82.342015,Longitude,°,NA,NA
2019-12-17T09:16:52Z,-82.34203,Longitude,°,NA,NA
2019-12-17T09:16:54Z,-82.342035,Longitude,°,NA,NA
2019-12-17T09:16:56Z,-82.342035,Longitude,°,NA,NA
2019-12-17T09:16:58Z,-82.3420483333333,Longitude,°,NA,NA
2019-12-17T09:17:00Z,-82.3420666666667,Longitude,°,NA,NA
2019-12-17T09:17:02Z,-82.3420766666667,Longitude,°,NA,NA
2019-12-17T09:17:04Z,-82.3420883333333,Longitude,°,NA,NA
2019-12-17T09:17:06Z,-82.3420933333334,Longitude,°,NA,NA
2019-12-17T09:17:08Z,-82.3421183333333,Longitude,°,NA,NA
2019-12-17T09:17:10Z,-82.3421283333333,Longitude,°,NA,NA
2019-12-17T09:17:12Z,-82.3421366666667,Longitude,°,NA,NA
2019-12-17T09:17:14Z,-82.3421466666667,Longitude,°,NA,NA
2019-12-17T09:17:16Z,-82.3421483333333,Longitude,°,NA,NA
2019-12-17T09:17:18Z,-82.3421583333333,Longitude,°,NA,NA
2019-12-17T09:17:20Z,-82.3421566666667,Longitude,°,NA,NA
2019-12-17T09:17:22Z,-82.3421516666667,Longitude,°,NA,NA
2019-12-17T09:17:24Z,-82.3421516666667,Longitude,°,NA,NA
2019-12-17T09:17:26Z,-82.342155,Longitude,°,NA,NA
2019-12-17T09:17:28Z,-82.342155,Longitude,°,NA,NA
2019-12-17T09:17:30Z,-82.3421533333333,Longitude,°,NA,NA
2019-12-17T09:17:32Z,-82.3421533333333,Longitude,°,NA,NA
2019-12-17T09:17:34Z,-82.3421583333333,Longitude,°,NA,NA
2019-12-17T09:17:36Z,-82.3421583333333,Longitude,°,NA,NA
2019-12-17T09:17:38Z,-82.3421716666667,Longitude,°,NA,NA
2019-12-17T09:17:40Z,-82.3421716666667,Longitude,°,NA,NA
2019-12-17T09:17:42Z,-82.3421866666667,Longitude,°,NA,NA
2019-12-17T09:17:44Z,-82.3421966666667,Longitude,°,NA,NA
2019-12-17T09:17:46Z,-82.3421966666667,Longitude,°,NA,NA
2019-12-17T09:17:48Z,-82.3422166666667,Longitude,°,NA,NA
2019-12-17T09:17:50Z,-82.3422266666667,Longitude,°,NA,NA
2019-12-17T09:17:52Z,-82.34223,Longitude,°,NA,NA
2019-12-17T09:17:54Z,-82.342235,Longitude,°,NA,NA
2019-12-17T09:17:56Z,-82.3422366666667,Longitude,°,NA,NA
2019-12-17T09:17:58Z,-82.3422533333333,Longitude,°,NA,NA
2019-12-17T09:18:00Z,-82.3422633333333,Longitude,°,NA,NA
2019-12-17T09:18:02Z,-82.342275,Longitude,°,NA,NA
2019-12-17T09:18:04Z,-82.342285,Longitude,°,NA,NA
2019-12-17T09:18:06Z,-82.342285,Longitude,°,NA,NA
2019-12-17T09:18:08Z,-82.342285,Longitude,°,NA,NA
2019-12-17T09:18:10Z,-82.342295,Longitude,°,NA,NA
2019-12-17T09:18:12Z,-82.342305,Longitude,°,NA,NA
2019-12-17T09:18:14Z,-82.3423233333333,Longitude,°,NA,NA
2019-12-17T09:18:16Z,-82.342335,Longitude,°,NA,NA
2019-12-17T09:18:18Z,-82.3423383333333,Longitude,°,NA,NA
2019-12-17T09:18:20Z,-82.3423433333333,Longitude,°,NA,NA
2019-12-17T09:18:22Z,-82.3423583333333,Longitude,°,NA,NA
2019-12-17T09:18:24Z,-82.3423633333334,Longitude,°,NA,NA
2019-12-17T09:18:26Z,-82.3423633333334,Longitude,°,NA,NA
2019-12-17T09:18:28Z,-82.3423683333333,Longitude,°,NA,NA
2019-12-17T09:18:30Z,-82.342365,Longitude,°,NA,NA
2019-12-17T09:18:32Z,-82.342365,Longitude,°,NA,NA
2019-12-17T09:18:34Z,-82.34236,Longitude,°,NA,NA
2019-12-17T09:18:36Z,-82.34236,Longitude,°,NA,NA
2019-12-17T09:18:38Z,-82.3423716666667,Longitude,°,NA,NA
2019-12-17T09:18:40Z,-82.342385,Longitude,°,NA,NA
2019-12-17T09:18:42Z,-82.3424,Longitude,°,NA,NA
2019-12-17T09:18:44Z,-82.342405,Longitude,°,NA,NA
2019-12-17T09:18:46Z,-82.342405,Longitude,°,NA,NA
2019-12-17T09:18:48Z,-82.3424166666667,Longitude,°,NA,NA
2019-12-17T09:18:50Z,-82.3424166666667,Longitude,°,NA,NA
2019-12-17T09:18:52Z,-82.3424216666667,Longitude,°,NA,NA
2019-12-17T09:18:54Z,-82.3424216666667,Longitude,°,NA,NA
2019-12-17T09:18:56Z,-82.3424216666667,Longitude,°,NA,NA
2019-12-17T09:18:58Z,-82.3424216666667,Longitude,°,NA,NA
2019-12-17T09:19:00Z,-82.3424533333334,Longitude,°,NA,NA
2019-12-17T09:19:02Z,-82.3424683333333,Longitude,°,NA,NA
2019-12-17T09:19:04Z,-82.3424783333333,Longitude,°,NA,NA
2019-12-17T09:19:06Z,-82.3424783333333,Longitude,°,NA,NA
2019-12-17T09:19:08Z,-82.3424633333333,Longitude,°,NA,NA
2019-12-17T09:19:10Z,-82.3424733333333,Longitude,°,NA,NA
2019-12-17T09:19:12Z,-82.3424833333333,Longitude,°,NA,NA
2019-12-17T09:19:14Z,-82.3424833333333,Longitude,°,NA,NA
2019-12-17T09:19:16Z,-82.342488333333307,Longitude,°,NA,NA
2019-12-17T09:19:18Z,-82.342488333333307,Longitude,°,NA,NA
2019-12-17T09:19:20Z,-82.3424983333333,Longitude,°,NA,NA
2019-12-17T09:19:22Z,-82.3425133333333,Longitude,°,NA,NA
2019-12-17T09:19:24Z,-82.3425133333333,Longitude,°,NA,NA
2019-12-17T09:19:26Z,-82.34255,Longitude,°,NA,NA
2019-12-17T09:19:28Z,-82.34256,Longitude,°,NA,NA
2019-12-17T09:19:30Z,-82.342575,Longitude,°,NA,NA
2019-12-17T09:19:32Z,-82.342575,Longitude,°,NA,NA
2019-12-17T09:19:34Z,-82.34259,Longitude,°,NA,NA
2019-12-17T09:19:36Z,-82.34259,Longitude,°,NA,NA
2019-12-17T09:19:38Z,-82.342595,Longitude,°,NA,NA
2019-12-17T09:19:40Z,-82.342595,Longitude,°,NA,NA
2019-12-17T09:19:42Z,-82.342595,Longitude,°,NA,NA
2019-12-17T09:19:44Z,-82.342595,Longitude,°,NA,NA
2019-12-17T09:19:46Z,-82.342595,Longitude,°,NA,NA
2019-12-17T09:19:48Z,-82.342595,Longitude,°,NA,NA
2019-12-17T09:19:50Z,-82.342595,Longitude,°,NA,NA
2019-12-17T09:19:52Z,-82.342595,Longitude,°,NA,NA
2019-12-17T09:19:54Z,-82.342595,Longitude,°,NA,NA
2019-12-17T09:19:56Z,-82.3426033333333,Longitude,°,NA,NA
2019-12-17T09:19:58Z,-82.3426116666667,Longitude,°,NA,NA
2019-12-17T09:20:00Z,-82.3426116666667,Longitude,°,NA,NA
2019-12-17T09:20:02Z,-82.3426133333333,Longitude,°,NA,NA
2019-12-17T09:20:04Z,-82.3426216666667,Longitude,°,NA,NA
2019-12-17T09:20:06Z,-82.3426266666667,Longitude,°,NA,NA
2019-12-17T09:20:08Z,-82.3426366666667,Longitude,°,NA,NA
2019-12-17T09:20:10Z,-82.3426366666667,Longitude,°,NA,NA
2019-12-17T09:20:12Z,-82.3426466666667,Longitude,°,NA,NA
2019-12-17T09:20:14Z,-82.3426583333333,Longitude,°,NA,NA
2019-12-17T09:20:16Z,-82.3426583333333,Longitude,°,NA,NA
2019-12-17T09:20:18Z,-82.3426716666666,Longitude,°,NA,NA
2019-12-17T09:20:20Z,-82.3426816666667,Longitude,°,NA,NA
2019-12-17T09:20:22Z,-82.3426916666667,Longitude,°,NA,NA
2019-12-17T09:20:24Z,-82.3427033333333,Longitude,°,NA,NA
2019-12-17T09:20:26Z,-82.3427033333333,Longitude,°,NA,NA
2019-12-17T09:20:28Z,-82.3427133333333,Longitude,°,NA,NA
2019-12-17T09:20:30Z,-82.3427266666667,Longitude,°,NA,NA
2019-12-17T09:20:32Z,-82.3427266666667,Longitude,°,NA,NA
2019-12-17T09:20:34Z,-82.34275,Longitude,°,NA,NA
2019-12-17T09:20:36Z,-82.34275,Longitude,°,NA,NA
2019-12-17T09:20:38Z,-82.3427583333334,Longitude,°,NA,NA
2019-12-17T09:20:40Z,-82.3427666666667,Longitude,°,NA,NA
2019-12-17T09:16:50Z,7.238977,RDO Concentration,mg/L,672340,NA
2019-12-17T09:16:52Z,7.211309,RDO Concentration,mg/L,672340,NA
2019-12-17T09:16:54Z,6.897574,RDO Concentration,mg/L,672340,NA
2019-12-17T09:16:56Z,6.883493,RDO Concentration,mg/L,672340,NA
2019-12-17T09:16:58Z,6.872694,RDO Concentration,mg/L,672340,NA
2019-12-17T09:17:00Z,6.872753,RDO Concentration,mg/L,672340,NA
2019-12-17T09:17:02Z,6.876606,RDO Concentration,mg/L,672340,NA
2019-12-17T09:17:04Z,6.883039,RDO Concentration,mg/L,672340,NA
2019-12-17T09:17:06Z,6.889964,RDO Concentration,mg/L,672340,NA
2019-12-17T09:17:08Z,6.887837,RDO Concentration,mg/L,672340,NA
2019-12-17T09:17:10Z,6.887767,RDO Concentration,mg/L,672340,NA
2019-12-17T09:17:12Z,6.896237,RDO Concentration,mg/L,672340,NA
2019-12-17T09:17:14Z,6.891037,RDO Concentration,mg/L,672340,NA
2019-12-17T09:17:16Z,6.899149,RDO Concentration,mg/L,672340,NA
2019-12-17T09:17:18Z,6.900019,RDO Concentration,mg/L,672340,NA
2019-12-17T09:17:20Z,6.900524,RDO Concentration,mg/L,672340,NA
2019-12-17T09:17:22Z,6.898872,RDO Concentration,mg/L,672340,NA
2019-12-17T09:17:24Z,6.901513,RDO Concentration,mg/L,672340,NA
2019-12-17T09:17:26Z,6.900747,RDO Concentration,mg/L,672340,NA
2019-12-17T09:17:28Z,6.907138,RDO Concentration,mg/L,672340,NA
2019-12-17T09:17:30Z,6.896699,RDO Concentration,mg/L,672340,NA
2019-12-17T09:17:32Z,6.895543,RDO Concentration,mg/L,672340,NA
2019-12-17T09:17:34Z,6.89674,RDO Concentration,mg/L,672340,NA
2019-12-17T09:17:36Z,6.907569,RDO Concentration,mg/L,672340,NA
2019-12-17T09:17:38Z,6.906703,RDO Concentration,mg/L,672340,NA
2019-12-17T09:17:40Z,6.906269,RDO Concentration,mg/L,672340,NA
2019-12-17T09:17:42Z,6.907234,RDO Concentration,mg/L,672340,NA
2019-12-17T09:17:44Z,6.907353,RDO Concentration,mg/L,672340,NA
2019-12-17T09:17:46Z,6.905764,RDO Concentration,mg/L,672340,NA
2019-12-17T09:17:48Z,6.910599,RDO Concentration,mg/L,672340,NA
2019-12-17T09:17:50Z,6.908003,RDO Concentration,mg/L,672340,NA
2019-12-17T09:17:52Z,6.900951,RDO Concentration,mg/L,672340,NA
2019-12-17T09:17:54Z,6.91137,RDO Concentration,mg/L,672340,NA
2019-12-17T09:17:56Z,6.912519,RDO Concentration,mg/L,672340,NA
2019-12-17T09:17:58Z,6.906359,RDO Concentration,mg/L,672340,NA
2019-12-17T09:18:00Z,6.901502,RDO Concentration,mg/L,672340,NA
2019-12-17T09:18:02Z,6.905632,RDO Concentration,mg/L,672340,NA
2019-12-17T09:18:04Z,6.897678,RDO Concentration,mg/L,672340,NA
2019-12-17T09:18:06Z,6.896829,RDO Concentration,mg/L,672340,NA
2019-12-17T09:18:08Z,6.892603,RDO Concentration,mg/L,672340,NA
2019-12-17T09:18:10Z,6.892792,RDO Concentration,mg/L,672340,NA
2019-12-17T09:18:12Z,6.89066,RDO Concentration,mg/L,672340,NA
2019-12-17T09:18:14Z,6.888809,RDO Concentration,mg/L,672340,NA
2019-12-17T09:18:16Z,6.889473,RDO Concentration,mg/L,672340,NA
2019-12-17T09:18:18Z,6.889495,RDO Concentration,mg/L,672340,NA
2019-12-17T09:18:20Z,6.893526,RDO Concentration,mg/L,672340,NA
2019-12-17T09:18:22Z,6.892929,RDO Concentration,mg/L,672340,NA
2019-12-17T09:18:24Z,6.88143,RDO Concentration,mg/L,672340,NA
2019-12-17T09:18:26Z,6.874954,RDO Concentration,mg/L,672340,NA
2019-12-17T09:18:28Z,6.868173,RDO Concentration,mg/L,672340,NA
2019-12-17T09:18:30Z,6.867063,RDO Concentration,mg/L,672340,NA
2019-12-17T09:18:32Z,6.860598,RDO Concentration,mg/L,672340,NA
2019-12-17T09:18:34Z,6.857914,RDO Concentration,mg/L,672340,NA
2019-12-17T09:18:36Z,6.832028,RDO Concentration,mg/L,672340,NA
2019-12-17T09:18:38Z,6.811079,RDO Concentration,mg/L,672340,NA
2019-12-17T09:18:40Z,6.807145,RDO Concentration,mg/L,672340,NA
2019-12-17T09:18:42Z,6.783439,RDO Concentration,mg/L,672340,NA
2019-12-17T09:18:44Z,6.761622,RDO Concentration,mg/L,672340,NA
2019-12-17T09:18:46Z,6.712409,RDO Concentration,mg/L,672340,NA
2019-12-17T09:18:48Z,6.678817,RDO Concentration,mg/L,672340,NA
2019-12-17T09:18:50Z,6.656745,RDO Concentration,mg/L,672340,NA
2019-12-17T09:18:52Z,6.65264,RDO Concentration,mg/L,672340,NA
2019-12-17T09:18:54Z,6.624993,RDO Concentration,mg/L,672340,NA
2019-12-17T09:18:56Z,6.599571,RDO Concentration,mg/L,672340,NA
2019-12-17T09:18:58Z,6.558546,RDO Concentration,mg/L,672340,NA
2019-12-17T09:19:00Z,6.533609,RDO Concentration,mg/L,672340,NA
2019-12-17T09:19:02Z,6.528515,RDO Concentration,mg/L,672340,NA
2019-12-17T09:19:04Z,6.515918,RDO Concentration,mg/L,672340,NA
2019-12-17T09:19:06Z,6.493246,RDO Concentration,mg/L,672340,NA
2019-12-17T09:19:08Z,6.462339,RDO Concentration,mg/L,672340,NA
2019-12-17T09:19:10Z,6.451258,RDO Concentration,mg/L,672340,NA
2019-12-17T09:19:12Z,6.445405,RDO Concentration,mg/L,672340,NA
2019-12-17T09:19:14Z,6.436515,RDO Concentration,mg/L,672340,NA
2019-12-17T09:19:16Z,6.435088,RDO Concentration,mg/L,672340,NA
2019-12-17T09:19:18Z,6.432367,RDO Concentration,mg/L,672340,NA
2019-12-17T09:19:20Z,6.4299,RDO Concentration,mg/L,672340,NA
2019-12-17T09:19:22Z,6.420617,RDO Concentration,mg/L,672340,NA
2019-12-17T09:19:24Z,6.413786,RDO Concentration,mg/L,672340,NA
2019-12-17T09:19:26Z,6.413308,RDO Concentration,mg/L,672340,NA
2019-12-17T09:19:28Z,6.413017,RDO Concentration,mg/L,672340,NA
2019-12-17T09:19:30Z,6.409584,RDO Concentration,mg/L,672340,NA
2019-12-17T09:19:32Z,6.400914,RDO Concentration,mg/L,672340,NA
2019-12-17T09:19:34Z,6.406841,RDO Concentration,mg/L,672340,NA
2019-12-17T09:19:36Z,6.403934,RDO Concentration,mg/L,672340,NA
2019-12-17T09:19:38Z,6.406157,RDO Concentration,mg/L,672340,NA
2019-12-17T09:19:40Z,6.40632,RDO Concentration,mg/L,672340,NA
2019-12-17T09:19:42Z,6.417368,RDO Concentration,mg/L,672340,NA
2019-12-17T09:19:44Z,6.424561,RDO Concentration,mg/L,672340,NA
2019-12-17T09:19:46Z,6.436229,RDO Concentration,mg/L,672340,NA
2019-12-17T09:19:48Z,6.441192,RDO Concentration,mg/L,672340,NA
2019-12-17T09:19:50Z,6.442291,RDO Concentration,mg/L,672340,NA
2019-12-17T09:19:52Z,6.459765,RDO Concentration,mg/L,672340,NA
2019-12-17T09:19:54Z,6.476859,RDO Concentration,mg/L,672340,NA
2019-12-17T09:19:56Z,6.521777,RDO Concentration,mg/L,672340,NA
2019-12-17T09:19:58Z,6.558527,RDO Concentration,mg/L,672340,NA
2019-12-17T09:20:00Z,6.594325,RDO Concentration,mg/L,672340,NA
2019-12-17T09:20:02Z,6.600501,RDO Concentration,mg/L,672340,NA
2019-12-17T09:20:04Z,6.637602,RDO Concentration,mg/L,672340,NA
2019-12-17T09:20:06Z,6.668542,RDO Concentration,mg/L,672340,NA
2019-12-17T09:20:08Z,6.719214,RDO Concentration,mg/L,672340,NA
2019-12-17T09:20:10Z,6.746942,RDO Concentration,mg/L,672340,NA
2019-12-17T09:20:12Z,6.765271,RDO Concentration,mg/L,672340,NA
2019-12-17T09:20:14Z,6.781718,RDO Concentration,mg/L,672340,NA
2019-12-17T09:20:16Z,6.784561,RDO Concentration,mg/L,672340,NA
2019-12-17T09:20:18Z,6.809098,RDO Concentration,mg/L,672340,NA
2019-12-17T09:20:20Z,6.818923,RDO Concentration,mg/L,672340,NA
2019-12-17T09:20:22Z,6.831159,RDO Concentration,mg/L,672340,NA
2019-12-17T09:20:24Z,6.843948,RDO Concentration,mg/L,672340,NA
2019-12-17T09:20:26Z,6.846012,RDO Concentration,mg/L,672340,NA
2019-12-17T09:20:28Z,6.85352,RDO Concentration,mg/L,672340,NA
2019-12-17T09:20:30Z,6.859102,RDO Concentration,mg/L,672340,NA
2019-12-17T09:20:32Z,6.879923,RDO Concentration,mg/L,672340,NA
2019-12-17T09:20:34Z,6.877017,RDO Concentration,mg/L,672340,NA
2019-12-17T09:20:36Z,6.882852,RDO Concentration,mg/L,672340,NA
2019-12-17T09:20:38Z,6.883371,RDO Concentration,mg/L,672340,NA
2019-12-17T09:20:40Z,6.889909,RDO Concentration,mg/L,672340,NA
2019-12-17T09:16:50Z,22.41367,Salinity,PSU,673392,NA
2019-12-17T09:16:52Z,24.22111,Salinity,PSU,673392,NA
2019-12-17T09:16:54Z,32.55137,Salinity,PSU,673392,NA
2019-12-17T09:16:56Z,33.33247,Salinity,PSU,673392,NA
2019-12-17T09:16:58Z,33.59008,Salinity,PSU,673392,NA
2019-12-17T09:17:00Z,33.60132,Salinity,PSU,673392,NA
2019-12-17T09:17:02Z,33.59104,Salinity,PSU,673392,NA
2019-12-17T09:17:04Z,33.6109,Salinity,PSU,673392,NA
2019-12-17T09:17:06Z,33.63389,Salinity,PSU,673392,NA
2019-12-17T09:17:08Z,33.63695,Salinity,PSU,673392,NA
2019-12-17T09:17:10Z,33.63814,Salinity,PSU,673392,NA
2019-12-17T09:17:12Z,33.65668,Salinity,PSU,673392,NA
2019-12-17T09:17:14Z,33.6544,Salinity,PSU,673392,NA
2019-12-17T09:17:16Z,33.66478,Salinity,PSU,673392,NA
2019-12-17T09:17:18Z,33.64917,Salinity,PSU,673392,NA
2019-12-17T09:17:20Z,33.64754,Salinity,PSU,673392,NA
2019-12-17T09:17:22Z,33.68335,Salinity,PSU,673392,NA
2019-12-17T09:17:24Z,33.67767,Salinity,PSU,673392,NA
2019-12-17T09:17:26Z,33.66099,Salinity,PSU,673392,NA
2019-12-17T09:17:28Z,33.67198,Salinity,PSU,673392,NA
2019-12-17T09:17:30Z,33.68734,Salinity,PSU,673392,NA
2019-12-17T09:17:32Z,33.69005,Salinity,PSU,673392,NA
2019-12-17T09:17:34Z,33.68496,Salinity,PSU,673392,NA
2019-12-17T09:17:36Z,33.68825,Salinity,PSU,673392,NA
2019-12-17T09:17:38Z,33.69646,Salinity,PSU,673392,NA
2019-12-17T09:17:40Z,33.69224,Salinity,PSU,673392,NA
2019-12-17T09:17:42Z,33.68915,Salinity,PSU,673392,NA
2019-12-17T09:17:44Z,33.68847,Salinity,PSU,673392,NA
2019-12-17T09:17:46Z,33.69191,Salinity,PSU,673392,NA
2019-12-17T09:17:48Z,33.69313,Salinity,PSU,673392,NA
2019-12-17T09:17:50Z,33.70174,Salinity,PSU,673392,NA
2019-12-17T09:17:52Z,33.72044,Salinity,PSU,673392,NA
2019-12-17T09:17:54Z,33.76437,Salinity,PSU,673392,NA
2019-12-17T09:17:56Z,33.77119,Salinity,PSU,673392,NA
2019-12-17T09:17:58Z,33.84285,Salinity,PSU,673392,NA
2019-12-17T09:18:00Z,33.8635,Salinity,PSU,673392,NA
2019-12-17T09:18:02Z,33.88496,Salinity,PSU,673392,NA
2019-12-17T09:18:04Z,33.91381,Salinity,PSU,673392,NA
2019-12-17T09:18:06Z,33.91823,Salinity,PSU,673392,NA
2019-12-17T09:18:08Z,33.91407,Salinity,PSU,673392,NA
2019-12-17T09:18:10Z,33.92969,Salinity,PSU,673392,NA
2019-12-17T09:18:12Z,33.94695,Salinity,PSU,673392,NA
2019-12-17T09:18:14Z,33.97432,Salinity,PSU,673392,NA
2019-12-17T09:18:16Z,33.99387,Salinity,PSU,673392,NA
2019-12-17T09:18:18Z,33.99764,Salinity,PSU,673392,NA
2019-12-17T09:18:20Z,33.98997,Salinity,PSU,673392,NA
2019-12-17T09:18:22Z,33.99729,Salinity,PSU,673392,NA
2019-12-17T09:18:24Z,34.00231,Salinity,PSU,673392,NA
2019-12-17T09:18:26Z,34.01022,Salinity,PSU,673392,NA
2019-12-17T09:18:28Z,34.01151,Salinity,PSU,673392,NA
2019-12-17T09:18:30Z,34.01199,Salinity,PSU,673392,NA
2019-12-17T09:18:32Z,34.01134,Salinity,PSU,673392,NA
2019-12-17T09:18:34Z,34.02101,Salinity,PSU,673392,NA
2019-12-17T09:18:36Z,34.04142,Salinity,PSU,673392,NA
2019-12-17T09:18:38Z,34.07864,Salinity,PSU,673392,NA
2019-12-17T09:18:40Z,34.08444,Salinity,PSU,673392,NA
2019-12-17T09:18:42Z,34.13178,Salinity,PSU,673392,NA
2019-12-17T09:18:44Z,34.11125,Salinity,PSU,673392,NA
2019-12-17T09:18:46Z,34.14495,Salinity,PSU,673392,NA
2019-12-17T09:18:48Z,34.14534,Salinity,PSU,673392,NA
2019-12-17T09:18:50Z,34.16083,Salinity,PSU,673392,NA
2019-12-17T09:18:52Z,34.16272,Salinity,PSU,673392,NA
2019-12-17T09:18:54Z,34.16743,Salinity,PSU,673392,NA
2019-12-17T09:18:56Z,34.17505,Salinity,PSU,673392,NA
2019-12-17T09:18:58Z,34.1884,Salinity,PSU,673392,NA
2019-12-17T09:19:00Z,34.21263,Salinity,PSU,673392,NA
2019-12-17T09:19:02Z,34.21645,Salinity,PSU,673392,NA
2019-12-17T09:19:04Z,34.23468,Salinity,PSU,673392,NA
2019-12-17T09:19:06Z,34.23426,Salinity,PSU,673392,NA
2019-12-17T09:19:08Z,34.22707,Salinity,PSU,673392,NA
2019-12-17T09:19:10Z,34.19508,Salinity,PSU,673392,NA
2019-12-17T09:19:12Z,34.22073,Salinity,PSU,673392,NA
2019-12-17T09:19:14Z,34.22553,Salinity,PSU,673392,NA
2019-12-17T09:19:16Z,34.2276,Salinity,PSU,673392,NA
2019-12-17T09:19:18Z,34.20526,Salinity,PSU,673392,NA
2019-12-17T09:19:20Z,34.21952,Salinity,PSU,673392,NA
2019-12-17T09:19:22Z,34.20991,Salinity,PSU,673392,NA
2019-12-17T09:19:24Z,34.22316,Salinity,PSU,673392,NA
2019-12-17T09:19:26Z,34.22002,Salinity,PSU,673392,NA
2019-12-17T09:19:28Z,34.22024,Salinity,PSU,673392,NA
2019-12-17T09:19:30Z,34.2162,Salinity,PSU,673392,NA
2019-12-17T09:19:32Z,34.21086,Salinity,PSU,673392,NA
2019-12-17T09:19:34Z,34.20726,Salinity,PSU,673392,NA
2019-12-17T09:19:36Z,34.18079,Salinity,PSU,673392,NA
2019-12-17T09:19:38Z,34.1713,Salinity,PSU,673392,NA
2019-12-17T09:19:40Z,34.169,Salinity,PSU,673392,NA
2019-12-17T09:19:42Z,34.155029999999996,Salinity,PSU,673392,NA
2019-12-17T09:19:44Z,34.14596,Salinity,PSU,673392,NA
2019-12-17T09:19:46Z,34.13644,Salinity,PSU,673392,NA
2019-12-17T09:19:48Z,34.12102,Salinity,PSU,673392,NA
2019-12-17T09:19:50Z,34.1186,Salinity,PSU,673392,NA
2019-12-17T09:19:52Z,34.09852,Salinity,PSU,673392,NA
2019-12-17T09:19:54Z,34.07117,Salinity,PSU,673392,NA
2019-12-17T09:19:56Z,34.03727,Salinity,PSU,673392,NA
2019-12-17T09:19:58Z,34.00587,Salinity,PSU,673392,NA
2019-12-17T09:20:00Z,33.99391,Salinity,PSU,673392,NA
2019-12-17T09:20:02Z,33.99117,Salinity,PSU,673392,NA
2019-12-17T09:20:04Z,33.97444,Salinity,PSU,673392,NA
2019-12-17T09:20:06Z,33.97208,Salinity,PSU,673392,NA
2019-12-17T09:20:08Z,33.95734,Salinity,PSU,673392,NA
2019-12-17T09:20:10Z,33.93781,Salinity,PSU,673392,NA
2019-12-17T09:20:12Z,33.93451,Salinity,PSU,673392,NA
2019-12-17T09:20:14Z,33.9306,Salinity,PSU,673392,NA
2019-12-17T09:20:16Z,33.93009,Salinity,PSU,673392,NA
2019-12-17T09:20:18Z,33.91178,Salinity,PSU,673392,NA
2019-12-17T09:20:20Z,33.9066,Salinity,PSU,673392,NA
2019-12-17T09:20:22Z,33.89379,Salinity,PSU,673392,NA
2019-12-17T09:20:24Z,33.87804,Salinity,PSU,673392,NA
2019-12-17T09:20:26Z,33.87557,Salinity,PSU,673392,NA
2019-12-17T09:20:28Z,33.85601,Salinity,PSU,673392,NA
2019-12-17T09:20:30Z,33.85196,Salinity,PSU,673392,NA
2019-12-17T09:20:32Z,33.83409,Salinity,PSU,673392,NA
2019-12-17T09:20:34Z,33.80586,Salinity,PSU,673392,NA
2019-12-17T09:20:36Z,33.78683,Salinity,PSU,673392,NA
2019-12-17T09:20:38Z,33.78316,Salinity,PSU,673392,NA
2019-12-17T09:20:40Z,33.68739,Salinity,PSU,673392,NA
2019-12-17T09:16:50Z,22.49235,Temperature,°C,676038,Aqua TROLL 600 Vented
2019-12-17T09:16:52Z,22.28639,Temperature,°C,676038,Aqua TROLL 600 Vented
2019-12-17T09:16:54Z,22.20361,Temperature,°C,676038,Aqua TROLL 600 Vented
2019-12-17T09:16:56Z,22.17342,Temperature,°C,676038,Aqua TROLL 600 Vented
2019-12-17T09:16:58Z,22.15925,Temperature,°C,676038,Aqua TROLL 600 Vented
2019-12-17T09:17:00Z,22.15661,Temperature,°C,676038,Aqua TROLL 600 Vented
2019-12-17T09:17:02Z,22.14823,Temperature,°C,676038,Aqua TROLL 600 Vented
2019-12-17T09:17:04Z,22.13485,Temperature,°C,676038,Aqua TROLL 600 Vented
2019-12-17T09:17:06Z,22.12878,Temperature,°C,676038,Aqua TROLL 600 Vented
2019-12-17T09:17:08Z,22.11109,Temperature,°C,676038,Aqua TROLL 600 Vented
2019-12-17T09:17:10Z,22.10853,Temperature,°C,676038,Aqua TROLL 600 Vented
2019-12-17T09:17:12Z,22.10571,Temperature,°C,676038,Aqua TROLL 600 Vented
2019-12-17T09:17:14Z,22.09869,Temperature,°C,676038,Aqua TROLL 600 Vented
2019-12-17T09:17:16Z,22.09597,Temperature,°C,676038,Aqua TROLL 600 Vented
2019-12-17T09:17:18Z,22.08752,Temperature,°C,676038,Aqua TROLL 600 Vented
2019-12-17T09:17:20Z,22.08629,Temperature,°C,676038,Aqua TROLL 600 Vented
2019-12-17T09:17:22Z,22.08439,Temperature,°C,676038,Aqua TROLL 600 Vented
2019-12-17T09:17:24Z,22.08299,Temperature,°C,676038,Aqua TROLL 600 Vented
2019-12-17T09:17:26Z,22.08448,Temperature,°C,676038,Aqua TROLL 600 Vented
2019-12-17T09:17:28Z,22.08135,Temperature,°C,676038,Aqua TROLL 600 Vented
2019-12-17T09:17:30Z,22.07769,Temperature,°C,676038,Aqua TROLL 600 Vented
2019-12-17T09:17:32Z,22.07705,Temperature,°C,676038,Aqua TROLL 600 Vented
2019-12-17T09:17:34Z,22.07126,Temperature,°C,676038,Aqua TROLL 600 Vented
2019-12-17T09:17:36Z,22.06861,Temperature,°C,676038,Aqua TROLL 600 Vented
2019-12-17T09:17:38Z,22.06935,Temperature,°C,676038,Aqua TROLL 600 Vented
2019-12-17T09:17:40Z,22.0628,Temperature,°C,676038,Aqua TROLL 600 Vented
2019-12-17T09:17:42Z,22.05745,Temperature,°C,676038,Aqua TROLL 600 Vented
2019-12-17T09:17:44Z,22.05641,Temperature,°C,676038,Aqua TROLL 600 Vented
2019-12-17T09:17:46Z,22.0566,Temperature,°C,676038,Aqua TROLL 600 Vented
2019-12-17T09:17:48Z,22.05517,Temperature,°C,676038,Aqua TROLL 600 Vented
2019-12-17T09:17:50Z,22.05609,Temperature,°C,676038,Aqua TROLL 600 Vented
2019-12-17T09:17:52Z,22.05732,Temperature,°C,676038,Aqua TROLL 600 Vented
2019-12-17T09:17:54Z,22.05121,Temperature,°C,676038,Aqua TROLL 600 Vented
2019-12-17T09:17:56Z,22.05042,Temperature,°C,676038,Aqua TROLL 600 Vented
2019-12-17T09:17:58Z,22.04634,Temperature,°C,676038,Aqua TROLL 600 Vented
2019-12-17T09:18:00Z,22.05015,Temperature,°C,676038,Aqua TROLL 600 Vented
2019-12-17T09:18:02Z,22.04405,Temperature,°C,676038,Aqua TROLL 600 Vented
2019-12-17T09:18:04Z,22.04014,Temperature,°C,676038,Aqua TROLL 600 Vented
2019-12-17T09:18:06Z,22.0394,Temperature,°C,676038,Aqua TROLL 600 Vented
2019-12-17T09:18:08Z,22.03672,Temperature,°C,676038,Aqua TROLL 600 Vented
2019-12-17T09:18:10Z,22.02415,Temperature,°C,676038,Aqua TROLL 600 Vented
2019-12-17T09:18:12Z,22.02002,Temperature,°C,676038,Aqua TROLL 600 Vented
2019-12-17T09:18:14Z,22.01679,Temperature,°C,676038,Aqua TROLL 600 Vented
2019-12-17T09:18:16Z,22.01471,Temperature,°C,676038,Aqua TROLL 600 Vented
2019-12-17T09:18:18Z,22.01431,Temperature,°C,676038,Aqua TROLL 600 Vented
2019-12-17T09:18:20Z,22.01237,Temperature,°C,676038,Aqua TROLL 600 Vented
2019-12-17T09:18:22Z,22.01195,Temperature,°C,676038,Aqua TROLL 600 Vented
2019-12-17T09:18:24Z,22.00765,Temperature,°C,676038,Aqua TROLL 600 Vented
2019-12-17T09:18:26Z,22.00672,Temperature,°C,676038,Aqua TROLL 600 Vented
2019-12-17T09:18:28Z,22.00456,Temperature,°C,676038,Aqua TROLL 600 Vented
2019-12-17T09:18:30Z,22.00426,Temperature,°C,676038,Aqua TROLL 600 Vented
2019-12-17T09:18:32Z,22.00241,Temperature,°C,676038,Aqua TROLL 600 Vented
2019-12-17T09:18:34Z,21.99874,Temperature,°C,676038,Aqua TROLL 600 Vented
2019-12-17T09:18:36Z,21.99008,Temperature,°C,676038,Aqua TROLL 600 Vented
2019-12-17T09:18:38Z,21.98319,Temperature,°C,676038,Aqua TROLL 600 Vented
2019-12-17T09:18:40Z,21.98191,Temperature,°C,676038,Aqua TROLL 600 Vented
2019-12-17T09:18:42Z,21.98239,Temperature,°C,676038,Aqua TROLL 600 Vented
2019-12-17T09:18:44Z,21.9867,Temperature,°C,676038,Aqua TROLL 600 Vented
2019-12-17T09:18:46Z,21.99153,Temperature,°C,676038,Aqua TROLL 600 Vented
2019-12-17T09:18:48Z,21.99366,Temperature,°C,676038,Aqua TROLL 600 Vented
2019-12-17T09:18:50Z,21.99879,Temperature,°C,676038,Aqua TROLL 600 Vented
2019-12-17T09:18:52Z,21.99955,Temperature,°C,676038,Aqua TROLL 600 Vented
2019-12-17T09:18:54Z,21.99969,Temperature,°C,676038,Aqua TROLL 600 Vented
2019-12-17T09:18:56Z,22.00105,Temperature,°C,676038,Aqua TROLL 600 Vented
2019-12-17T09:18:58Z,22.00199,Temperature,°C,676038,Aqua TROLL 600 Vented
2019-12-17T09:19:00Z,22.00813,Temperature,°C,676038,Aqua TROLL 600 Vented
2019-12-17T09:19:02Z,22.00899,Temperature,°C,676038,Aqua TROLL 600 Vented
2019-12-17T09:19:04Z,22.01612,Temperature,°C,676038,Aqua TROLL 600 Vented
2019-12-17T09:19:06Z,22.01892,Temperature,°C,676038,Aqua TROLL 600 Vented
2019-12-17T09:19:08Z,22.02105,Temperature,°C,676038,Aqua TROLL 600 Vented
2019-12-17T09:19:10Z,22.02492,Temperature,°C,676038,Aqua TROLL 600 Vented
2019-12-17T09:19:12Z,22.02452,Temperature,°C,676038,Aqua TROLL 600 Vented
2019-12-17T09:19:14Z,22.02563,Temperature,°C,676038,Aqua TROLL 600 Vented
2019-12-17T09:19:16Z,22.02574,Temperature,°C,676038,Aqua TROLL 600 Vented
2019-12-17T09:19:18Z,22.02604,Temperature,°C,676038,Aqua TROLL 600 Vented
2019-12-17T09:19:20Z,22.0259,Temperature,°C,676038,Aqua TROLL 600 Vented
2019-12-17T09:19:22Z,22.02675,Temperature,°C,676038,Aqua TROLL 600 Vented
2019-12-17T09:19:24Z,22.0305,Temperature,°C,676038,Aqua TROLL 600 Vented
2019-12-17T09:19:26Z,22.02936,Temperature,°C,676038,Aqua TROLL 600 Vented
2019-12-17T09:19:28Z,22.02936,Temperature,°C,676038,Aqua TROLL 600 Vented
2019-12-17T09:19:30Z,22.0297,Temperature,°C,676038,Aqua TROLL 600 Vented
2019-12-17T09:19:32Z,22.02759,Temperature,°C,676038,Aqua TROLL 600 Vented
2019-12-17T09:19:34Z,22.02567,Temperature,°C,676038,Aqua TROLL 600 Vented
2019-12-17T09:19:36Z,22.02282,Temperature,°C,676038,Aqua TROLL 600 Vented
2019-12-17T09:19:38Z,22.01352,Temperature,°C,676038,Aqua TROLL 600 Vented
2019-12-17T09:19:40Z,22.01212,Temperature,°C,676038,Aqua TROLL 600 Vented
2019-12-17T09:19:42Z,22.00906,Temperature,°C,676038,Aqua TROLL 600 Vented
2019-12-17T09:19:44Z,22.01051,Temperature,°C,676038,Aqua TROLL 600 Vented
2019-12-17T09:19:46Z,22.01001,Temperature,°C,676038,Aqua TROLL 600 Vented
2019-12-17T09:19:48Z,22.00801,Temperature,°C,676038,Aqua TROLL 600 Vented
2019-12-17T09:19:50Z,22.0077,Temperature,°C,676038,Aqua TROLL 600 Vented
2019-12-17T09:19:52Z,22.00292,Temperature,°C,676038,Aqua TROLL 600 Vented
2019-12-17T09:19:54Z,21.99922,Temperature,°C,676038,Aqua TROLL 600 Vented
2019-12-17T09:19:56Z,21.99594,Temperature,°C,676038,Aqua TROLL 600 Vented
2019-12-17T09:19:58Z,21.995,Temperature,°C,676038,Aqua TROLL 600 Vented
2019-12-17T09:20:00Z,22.00629,Temperature,°C,676038,Aqua TROLL 600 Vented
2019-12-17T09:20:02Z,22.00783,Temperature,°C,676038,Aqua TROLL 600 Vented
2019-12-17T09:20:04Z,22.00804,Temperature,°C,676038,Aqua TROLL 600 Vented
2019-12-17T09:20:06Z,22.01285,Temperature,°C,676038,Aqua TROLL 600 Vented
2019-12-17T09:20:08Z,22.01505,Temperature,°C,676038,Aqua TROLL 600 Vented
2019-12-17T09:20:10Z,22.02079,Temperature,°C,676038,Aqua TROLL 600 Vented
2019-12-17T09:20:12Z,22.02008,Temperature,°C,676038,Aqua TROLL 600 Vented
2019-12-17T09:20:14Z,22.02368,Temperature,°C,676038,Aqua TROLL 600 Vented
2019-12-17T09:20:16Z,22.0241,Temperature,°C,676038,Aqua TROLL 600 Vented
2019-12-17T09:20:18Z,22.02328,Temperature,°C,676038,Aqua TROLL 600 Vented
2019-12-17T09:20:20Z,22.02671,Temperature,°C,676038,Aqua TROLL 600 Vented
2019-12-17T09:20:22Z,22.03106,Temperature,°C,676038,Aqua TROLL 600 Vented
2019-12-17T09:20:24Z,22.04228,Temperature,°C,676038,Aqua TROLL 600 Vented
2019-12-17T09:20:26Z,22.04383,Temperature,°C,676038,Aqua TROLL 600 Vented
2019-12-17T09:20:28Z,22.04451,Temperature,°C,676038,Aqua TROLL 600 Vented
2019-12-17T09:20:30Z,22.04491,Temperature,°C,676038,Aqua TROLL 600 Vented
2019-12-17T09:20:32Z,22.044,Temperature,°C,676038,Aqua TROLL 600 Vented
2019-12-17T09:20:34Z,22.04562,Temperature,°C,676038,Aqua TROLL 600 Vented
2019-12-17T09:20:36Z,22.0487,Temperature,°C,676038,Aqua TROLL 600 Vented
2019-12-17T09:20:38Z,22.0492,Temperature,°C,676038,Aqua TROLL 600 Vented
2019-12-17T09:20:40Z,22.04969,Temperature,°C,676038,Aqua TROLL 600 Vented
